is_rural,adult_avg_min,peds_avg_min,pop
False,19.2,22.425,4232297
True,124.33333333333333,114.88333333333334,1462995
