origin_id,destination_id,duration_min,valhalla_status_code,valhalla_error,origin_lat,origin_lon,destination_lat,destination_lon
13053,6530373,inf,,,32.337907385811526,-84.8860469757073,31.21566695,-85.36144699
13053,6530705,inf,,,32.337907385811526,-84.8860469757073,32.32720595,-86.27608666
13053,6380430,inf,,,32.337907385811526,-84.8860469757073,32.48133317,-84.98308867
13053,6380730,inf,,,32.337907385811526,-84.8860469757073,32.83311962,-83.63629049
