pathway,n_tracts,median_t_sys,mean_t_sys,pop
direct,1367,25.233333333333334,48.99369665935138,5257654
transfer,138,480.0,480.0,437638
